{"eCkDnjdDObhONnqcTFl6bQ==":"mbr-90x68.jpg","qlFfUlgqtsXZQzy5x7OInA==":"icon1-90x90.png","gIUFx2MLwCjQdUX7dT4cRA==":"mbr-1920x1214.jpg","2kyyeVft//+eBt34IER++Q==":"mbr-1920x1082.jpg","QSx/2FGDJjzFtV8kVTMWJA==":"dwi-logo-140x31.png","IOVDXLJiDcIonKM8A2Pi6w==":"mbr-676x387.jpg","Eabh1AJbQlsJNajCNw9v3A==":"mbr-676x435.jpg","mhWpI1FIsVnj0I5VVMgKgA==":"mbr-676x587.jpg","rU0xaXolNfcXVaic5ucO3g==":"tech-1920x1280.jpg","t1Mk8/932+gFfuuv+sNeIA==":"tech-1920x1280.jpeg","M05kFh5/Dk2nS6IKFJSopA==":"tech-bg-blur-1600x960.jpg","sHqGg7pfAkjs442dGCBhpg==":"ac-host-logo-300x80.png","gjFzO/rFUPIjAoYA3Zf2Rg==":"mbr-1920x664.jpg","oq9tvPrWH0TBM6TFp8QJsg==":"mbr-1920x640.jpg","m9X6T7vI7EmGCUSA3Cn0EQ==":"background6.jpg","lbG20Ito7C6b49eJetWTFw==":"2016_ssl%5B1%5D-600x600.png","zpiplRqM/Q+Dtkxj3GYbvw==":"mbr-676x587.jpeg","Ftpkb/D1ry1LY6S/cCfZaw==":"mbr-676x435.jpeg","gGMDMsq6bgtxu9wLXOk76w==":"ee-lite-banner-661x411.png","HqHVCkyg7cy3pyBJI6CSNA==":"ee-lite-banner-1-661x411.png","YQ604hg5r4vCN+ihsDgtSA==":"everdatacloud-panel-676x315.png","17WEeBQSLJjG9Sh7E81jqw==":"everdatacloud-panel-1-676x315.png","wz4eIfv09IAwPjKgGclPKg==":"ssl-640-574x480.png","aqNwvDH/6LUw3uO8WDOv/A==":"pexels-photo-236093-676x517.jpeg","FSH4o/xjh9u9EVU6cIn0eA==":"mbr-1920x960.jpg","9DO1kQX96NLxQ+kDu57Iuw==":"dwi-icon-90-91x91.png","lCrNCHJx4jCGTl5QSqozsg==":"mbr-favicon.png","vXBfmMzJ87ju8w732LWY9g==":"dwi-logo-init-x-184x184.png","zjmE+aI686iMlbxIY5mLvg==":"dwi-logo-inv-510x170.png"}